adminbasicinfoservice,configservice
adminbasicinfoservice,contactservice
adminbasicinfoservice,priceservice
adminbasicinfoservice,stationservice
adminbasicinfoservice,trainservice
adminorderservice,orderOtherService
adminorderservice,orderservice
adminrouteservice,routeservice
adminrouteservice,stationservice
admintravelservice,routeservice
admintravelservice,stationservice
admintravelservice,trainservice
admintravelservice,travel2service
admintravelservice,travelservice
adminuserservice,userservice
authservice,verifycode
basicservice,priceservice
basicservice,routeservice
basicservice,stationservice
basicservice,trainservice
cancelservice,inside_pay_service
cancelservice,notifyservice
cancelservice,orderOtherService
cancelservice,orderservice
cancelservice,userservice
consignservice,consignpriceservice
executeservice,orderOtherService
executeservice,orderservice
fooddeliveryservice,stationfoodservice
foodservice,stationfoodservice
foodservice,trainfoodservice
foodservice,travelservice
inside_pay_service,orderOtherService
inside_pay_service,orderservice
inside_pay_service,paymentservice
orderOtherService,stationservice
orderservice,stationservice
preserveotherservice,assuranceservice
preserveotherservice,basicservice
preserveotherservice,consignservice
preserveotherservice,contactservice
preserveotherservice,foodservice
preserveotherservice,orderOtherService
preserveotherservice,seatservice
preserveotherservice,securityservice
preserveotherservice,stationservice
preserveotherservice,travel2service
preserveotherservice,userservice
preserveservice,assuranceservice
preserveservice,basicservice
preserveservice,consignservice
preserveservice,contactservice
preserveservice,foodservice
preserveservice,orderservice
preserveservice,seatservice
preserveservice,securityservice
preserveservice,stationservice
preserveservice,travelservice
preserveservice,userservice
rebookservice,inside_pay_service
rebookservice,orderOtherService
rebookservice,orderservice
rebookservice,routeservice
rebookservice,seatservice
rebookservice,trainservice
rebookservice,travel2service
rebookservice,travelservice
routeplanservice,routeservice
routeplanservice,travel2service
routeplanservice,travelservice
seatservice,configservice
seatservice,orderOtherService
seatservice,orderservice
securityservice,orderOtherService
securityservice,orderservice
travel2service,basicservice
travel2service,routeservice
travel2service,seatservice
travel2service,trainservice
travelplanservice,routeplanservice
travelplanservice,seatservice
travelplanservice,trainservice
travelplanservice,travel2service
travelplanservice,travelservice
travelservice,basicservice
travelservice,routeservice
travelservice,seatservice
travelservice,trainservice
userservice,authservice